epoch,train_total,train_selection,train_market_sharpe,train_market_return,train_market_sign,train_downside_negative,train_downside_tail,train_aux_lambda,train_cross_section,train_shrink,train_smooth,val_total,val_selection,val_market_sharpe,val_market_return,val_market_sign,val_downside_negative,val_downside_tail,val_aux_lambda,val_cross_section,val_shrink,val_smooth
1,2.125493288040161,2.1254730224609375,0.025982365012168884,4.824512870982289e-06,0.6980135440826416,0.8643012046813965,1.1022557020187378,0.0002017354272538796,0.0,5.3259711421560496e-05,2.351195871597156e-05,1.7574670314788818,1.7574570178985596,0.02643374167382717,1.3422175015875837e-06,0.692959725856781,0.8104420900344849,0.7767110466957092,0.00010027516691479832,0.0,1.4557599570252933e-05,3.982688667747425e-06
2,2.1172001361846924,2.117180347442627,0.025945719331502914,4.833362709177891e-06,0.6973515748977661,0.863284170627594,1.0950932502746582,0.00019757109112106264,0.0,4.258773697074503e-05,2.28458102355944e-05,1.7501238584518433,1.7501143217086792,0.02636214904487133,1.3435819710139185e-06,0.6934143900871277,0.8118799924850464,0.768134355545044,9.528941154712811e-05,0.0,1.0391064279247075e-05,3.7646902910637436e-06
3,2.110874891281128,2.1108551025390625,0.025914469733834267,4.854983671975788e-06,0.6970874667167664,0.8619142770767212,1.0899587869644165,0.00019741585128940642,0.0,3.2603325962554663e-05,2.29506658797618e-05,1.7430179119110107,1.7430088520050049,0.02628982812166214,1.3449899824991007e-06,0.6938011646270752,0.8133791089057922,0.7597833871841431,9.075741400010884e-05,0.0,7.557774097222136e-06,3.642235697043361e-06
4,2.102829694747925,2.1028099060058594,0.025869572535157204,4.866656581725692e-06,0.6966165900230408,0.8593729734420776,1.0841000080108643,0.00019729649648070335,0.0,2.7082169253844768e-05,2.306747956026811e-05,1.7360965013504028,1.7360877990722656,0.02621474489569664,1.346454723716306e-06,0.6942649483680725,0.8149228096008301,0.7515478134155273,8.663148037157953e-05,0.0,6.070411927794339e-06,3.6485123473539716e-06
5,2.0969841480255127,2.0969643592834473,0.02583027258515358,4.878253548667999e-06,0.6959399580955505,0.8575913310050964,1.0799683332443237,0.00019761038129217923,0.0,2.5108844056376256e-05,2.671636684681289e-05,1.7291550636291504,1.7291467189788818,0.02613961696624756,1.3479897233992233e-06,0.6947069764137268,0.8165176510810852,0.7432646751403809,8.315356535604224e-05,0.0,6.034589659975609e-06,3.7453864933922887e-06
6,2.0883805751800537,2.0883607864379883,0.025792622938752174,4.893131972494302e-06,0.6953908801078796,0.8565402626991272,1.072465181350708,0.00019724103913176805,0.0,2.2459407773567364e-05,2.3098908059182577e-05,1.7222354412078857,1.7222274541854858,0.026062611490488052,1.3495769053406548e-06,0.6951307058334351,0.8181427717208862,0.7349917888641357,8.025234274100512e-05,0.0,7.548038865934359e-06,3.948810444853734e-06
7,2.0816454887390137,2.0816256999969482,0.025735247880220413,4.903407898382284e-06,0.6947721838951111,0.8551375865936279,1.0671486854553223,0.00019739290291909128,0.0,2.501527706044726e-05,2.527615833969321e-05,1.7151738405227661,1.7151659727096558,0.02598564140498638,1.35120581035153e-06,0.6955265402793884,0.8198091387748718,0.7265595197677612,7.809507951606065e-05,0.0,1.069114568963414e-05,4.25852113039582e-06
8,2.074267864227295,2.0742475986480713,0.02572319470345974,4.921558229398215e-06,0.694118857383728,0.8535875678062439,1.0612719058990479,0.00020320915791671723,0.0,2.938066973001696e-05,2.535437852202449e-05,1.7079265117645264,1.7079188823699951,0.02590818703174591,1.3528915587812662e-06,0.695857048034668,0.821504533290863,0.7179530262947083,7.665964221814647e-05,0.0,1.5547640941804275e-05,4.674233878176892e-06
9,2.0637056827545166,2.0636849403381348,0.025686882436275482,4.9327918532071635e-06,0.6942955255508423,0.8515108227729797,1.0522147417068481,0.00020722630142699927,0.0,3.8063742977101356e-05,3.008025851158891e-05,1.7004988193511963,1.700491189956665,0.025831112638115883,1.3546449508794467e-06,0.6961473822593689,0.8232390284538269,0.7091564536094666,7.602922414662316e-05,0.0,2.2168896975927055e-05,5.189650437387172e-06
10,2.0570058822631836,2.0569844245910645,0.025614220649003983,4.938745405524969e-06,0.6933601498603821,0.8503504395484924,1.0469249486923218,0.0002140192227670923,0.0,4.841710688197054e-05,3.170912168570794e-05,1.6928821802139282,1.692874550819397,0.02575337328016758,1.3564653045250452e-06,0.6963754892349243,0.824992835521698,0.700188159942627,7.620973337907344e-05,0.0,3.069823287660256e-05,5.80370897296234e-06
11,2.046358823776245,2.0463368892669678,0.025583146139979362,4.9452082748757675e-06,0.6923089027404785,0.849510133266449,1.0374642610549927,0.00021999553428031504,0.0,6.040137304808013e-05,3.275292328908108e-05,1.6850413084030151,1.6850335597991943,0.02567419968545437,1.358362283099268e-06,0.6965171694755554,0.8267617225646973,0.691028892993927,7.730820652795956e-05,0.0,4.137632276979275e-05,6.530280643346487e-06
12,2.036318063735962,2.0362956523895264,0.02549874782562256,4.947155957779614e-06,0.6920285820960999,0.8472102284431458,1.0293724536895752,0.00022527093824464828,0.0,7.747076597297564e-05,3.822426515398547e-05,1.6770259141921997,1.6770179271697998,0.025594908744096756,1.3603058732769568e-06,0.6965693235397339,0.8285517692565918,0.6817238330841064,7.940690557006747e-05,0.0,5.4232637921813875e-05,7.3759401857387275e-06
13,2.026318311691284,2.026294469833374,0.02546422928571701,4.9486006901133806e-06,0.691676676273346,0.8465786576271057,1.0200554132461548,0.00023782264906913042,0.0,9.51831680140458e-05,4.023084693471901e-05,1.6687668561935425,1.6687586307525635,0.025515055283904076,1.3623028962683748e-06,0.6964942812919617,0.8303324580192566,0.6722463965415955,8.259146852651611e-05,0.0,6.950283568585292e-05,8.349456038558856e-06
14,2.0175833702087402,2.0175588130950928,0.0253995880484581,4.9618743105384056e-06,0.6908582448959351,0.8439411520957947,1.0137717723846436,0.00024493972887285054,0.0,0.00011362325312802568,4.610573159880005e-05,1.6603516340255737,1.6603429317474365,0.02543584629893303,1.3643514193972806e-06,0.6962975859642029,0.8321316242218018,0.6626589298248291,8.70725343702361e-05,0.0,8.73033786774613e-05,9.48476736084558e-06
15,2.0050106048583984,2.0049848556518555,0.025315530598163605,4.950153652316658e-06,0.691027045249939,0.8420754671096802,1.0025968551635742,0.00025786811602301896,0.0,0.00014142539293970913,5.266108564683236e-05,1.6517744064331055,1.6517651081085205,0.025356702506542206,1.3664534890267532e-06,0.6959808468818665,0.8339247703552246,0.6529737710952759,9.28225417737849e-05,0.0,0.00010783182369777933,1.0771818779176101e-05
16,1.9912753105163574,1.9912482500076294,0.025248942896723747,4.949301001033746e-06,0.6908555626869202,0.839777946472168,0.990735650062561,0.0002702167257666588,0.0,0.00017071269394364208,5.9072022850159556e-05,1.6430785655975342,1.643068552017212,0.025278234854340553,1.36863070565596e-06,0.6955451965332031,0.8356822729110718,0.6432554125785828,9.998179302783683e-05,0.0,0.00013130763545632362,1.2244493518664967e-05
17,1.9812744855880737,1.981245994567871,0.02517382614314556,4.94375763082644e-06,0.6892631649971008,0.8393958806991577,0.9818913340568542,0.00028517883038148284,0.0,0.0002046602894552052,6.522333569591865e-05,1.6343005895614624,1.6342897415161133,0.02520062029361725,1.37086612994608e-06,0.6949506402015686,0.8373731374740601,0.6335833072662354,0.00010864605428650975,0.0,0.00015792282647453249,1.3926693100074772e-05
18,1.9693920612335205,1.9693615436553955,0.025078361853957176,4.935089691571193e-06,0.6888192296028137,0.8375970721244812,0.9716732501983643,0.00030459623667411506,0.0,0.00024680927162989974,7.45054567232728e-05,1.625516414642334,1.625504493713379,0.02512449212372303,1.3731405488215387e-06,0.694223940372467,0.8390119671821594,0.6240083575248718,0.00011878837540280074,0.0,0.00018768002337310463,1.5813744539627805e-05
19,1.9554708003997803,1.9554386138916016,0.025028174743056297,4.9325312829751056e-06,0.6868698596954346,0.8364958763122559,0.9596011638641357,0.00032168798497878015,0.0,0.00028507356182672083,8.748802065383643e-05,1.616733193397522,1.6167200803756714,0.025049282237887383,1.3754470273852348e-06,0.6933547854423523,0.8405556678771973,0.614575982093811,0.00013062921061646193,0.0,0.000221038528252393,1.796834112610668e-05
20,1.9420987367630005,1.9420645236968994,0.02494790591299534,4.919661932945019e-06,0.6863559484481812,0.8332954049110413,0.948964536190033,0.00034164160024374723,0.0,0.0003315494686830789,9.810808842303231e-05,1.607908844947815,1.6078944206237793,0.024976417422294617,1.3777572576145758e-06,0.6923331022262573,0.8419888019561768,0.6052592396736145,0.00014410844596568495,0.0,0.0002577849954832345,2.0372728613438085e-05
21,1.928423285484314,1.9283860921859741,0.02480274811387062,4.897885901300469e-06,0.6850490570068359,0.8309764266014099,0.9378240704536438,0.000371292931959033,0.0,0.00040009725489653647,0.0001202416024170816,1.599153757095337,1.599137783050537,0.02490518055856228,1.3800643046124605e-06,0.6911764740943909,0.8433012962341309,0.5961676836013794,0.00015944147889968008,0.0,0.00029848303529433906,2.3080803657649085e-05
22,1.913785457611084,1.9137455224990845,0.024679921567440033,4.8801016419020016e-06,0.6828338503837585,0.8281455636024475,0.926537036895752,0.0003981250920332968,0.0,0.0004698424891103059,0.00013490929268300533,1.5902856588363647,1.5902680158615112,0.02483390085399151,1.3824426332575968e-06,0.6898747086524963,0.8444411754608154,0.5871652364730835,0.00017672567628324032,0.0,0.00034395622787997127,2.607814167276956e-05
23,1.8984452486038208,1.8984031677246094,0.024591105058789253,4.8445026550325565e-06,0.6822689175605774,0.825415849685669,0.9136132597923279,0.00041979801608249545,0.0,0.0005256992881186306,0.0001531958405394107,1.581451177597046,1.5814316272735596,0.02476554922759533,1.3848240314473514e-06,0.688439130783081,0.8454487919807434,0.5783592462539673,0.00019600328232627362,0.0,0.00039375165943056345,2.940144986496307e-05
24,1.8822784423828125,1.8822317123413086,0.024479934945702553,4.825110409001354e-06,0.6801430583000183,0.8222579956054688,0.9009843468666077,0.00046432745875790715,0.0,0.0006138645694591105,0.00018353876657783985,1.5726251602172852,1.572603464126587,0.024700529873371124,1.3872016779714613e-06,0.6868582367897034,0.8462766408920288,0.5697657465934753,0.00021727036801166832,0.0,0.00044799174065701663,3.3112064556917176e-05
25,1.8694289922714233,1.8693792819976807,0.02427547611296177,4.794778305949876e-06,0.6783793568611145,0.819725513458252,0.891117513179779,0.0004949912545271218,0.0,0.0007030139095149934,0.0001956344349309802,1.563915491104126,1.5638914108276367,0.024637466296553612,1.3895820529796765e-06,0.6851628422737122,0.8469119668006897,0.5614878535270691,0.00024077246780507267,0.0,0.000507624470628798,3.722978726727888e-05
26,1.8537359237670898,1.8536832332611084,0.024178948253393173,4.771101885125972e-06,0.675849437713623,0.8172096014022827,0.8786700367927551,0.000525028386618942,0.0,0.0007868202519603074,0.00023690576199442148,1.5554744005203247,1.5554476976394653,0.0245781522244215,1.3919305956733297e-06,0.683387279510498,0.8473190665245056,0.5536859035491943,0.0002665326464921236,0.0,0.0005725443479605019,4.183186683803797e-05
27,1.8385928869247437,1.8385344743728638,0.02403266169130802,4.727307896246202e-06,0.6741118431091309,0.8125330805778503,0.8680437207221985,0.0005816312623210251,0.0,0.0009066418861038983,0.00026169721968472004,1.5472385883331299,1.5472090244293213,0.02452399767935276,1.394239006913267e-06,0.681541383266449,0.8474946618080139,0.5462926030158997,0.0002946245076600462,0.0,0.0006428668857552111,4.7013712901389226e-05
28,1.8176343441009521,1.8175714015960693,0.023858150467276573,4.684304713009624e-06,0.6714194416999817,0.8083155751228333,0.8517645001411438,0.0006271053571254015,0.0,0.001030679908581078,0.00029925836133770645,1.5392732620239258,1.5392405986785889,0.0244755819439888,1.3964955769552034e-06,0.679641842842102,0.8474990129470825,0.5393190383911133,0.00032513841870240867,0.0,0.0007187060546129942,5.281687845126726e-05
29,1.8037184476852417,1.8036519289016724,0.023720499128103256,4.651229573937599e-06,0.668374240398407,0.8071619868278503,0.8403705358505249,0.0006623523076996207,0.0,0.001130537479184568,0.0003251085872761905,1.5315358638763428,1.5314998626708984,0.024434048682451248,1.3986575595481554e-06,0.6777092814445496,0.8473529815673828,0.5326957106590271,0.0003582595381885767,0.0,0.0008000286761671305,5.9316938859410584e-05
30,1.7909146547317505,1.79084312915802,0.02357790805399418,4.605934918799903e-06,0.6652572751045227,0.8011864423751831,0.833744466304779,0.0007114913314580917,0.0,0.0012554483255371451,0.000361291051376611,1.5243499279022217,1.5243104696273804,0.024401679635047913,1.4006740229888237e-06,0.6757997870445251,0.847099244594574,0.5266838073730469,0.0003938468580599874,0.0,0.0008860859088599682,6.66533233015798e-05
31,1.774290919303894,1.7742137908935547,0.023426178842782974,4.573375008476432e-06,0.6632345914840698,0.797551691532135,0.8210042119026184,0.0007681828574277461,0.0,0.0013973256573081017,0.0004180149990133941,1.517423391342163,1.5173799991607666,0.02437753602862358,1.4026085182194947e-06,0.673918604850769,0.8467135429382324,0.5210073590278625,0.000432232569437474,0.0,0.000977869494818151,7.481021020794287e-05
32,1.754263162612915,1.7541818618774414,0.02327193319797516,4.501443527260562e-06,0.6585423350334167,0.7932326793670654,0.8067120313644409,0.0008093053475022316,0.0,0.0015213023871183395,0.00044672307558357716,1.511086106300354,1.5110386610031128,0.024362847208976746,1.4043699820831534e-06,0.6721128225326538,0.8462563753128052,0.5159263610839844,0.0004732539237011224,0.0,0.0010746843181550503,8.384807006223127e-05
33,1.7461674213409424,1.7460803985595703,0.023152323439717293,4.481571977521526e-06,0.6561275124549866,0.7901233434677124,0.8022696375846863,0.0008669213275425136,0.0,0.0016706876922398806,0.0004994848277419806,1.5052789449691772,1.5052270889282227,0.02435760758817196,1.4060248076930293e-06,0.6703984141349792,0.8457270264625549,0.5113742351531982,0.0005168418283574283,0.0,0.0011762890499085188,9.369177860207856e-05
34,1.7203034162521362,1.7202116250991821,0.022930901497602463,4.423397967912024e-06,0.6507877707481384,0.7842156887054443,0.7837228775024414,0.0009127961238846183,0.0,0.001802548416890204,0.0005293167196214199,1.5000730752944946,1.500016689300537,0.024362290278077126,1.4075658327783458e-06,0.6688135266304016,0.8452150225639343,0.5073356628417969,0.000563040841370821,0.0,0.0012823225697502494,0.00010434595606056973
35,1.71465265750885,1.7145533561706543,0.02287347987294197,4.393869403429562e-06,0.6484909057617188,0.7830352783203125,0.7801557183265686,0.000988595886155963,0.0,0.0019739719573408365,0.0005709494580514729,1.4953161478042603,1.4952549934387207,0.024377109482884407,1.4089356454860535e-06,0.6673795580863953,0.8446853160858154,0.5036734342575073,0.0006108722882345319,0.0,0.001391085097566247,0.00011571311915758997
36,1.6910003423690796,1.6908955574035645,0.022676188498735428,4.334044206188992e-06,0.6440443396568298,0.776391863822937,0.7639011740684509,0.0010415331926196814,0.0,0.002124617574736476,0.0006131524569354951,1.4910557270050049,1.4909895658493042,0.024402564391493797,1.4100892258284148e-06,0.6661198735237122,0.8441712260246277,0.5003979206085205,0.0006598083418793976,0.0,0.0015011151554062963,0.00012767336738761514
37,1.6861196756362915,1.6860108375549316,0.02255198545753956,4.297105988371186e-06,0.6411258578300476,0.7737266421318054,0.7625987529754639,0.001082328031770885,0.0,0.0022315725218504667,0.0006431231158785522,1.48763906955719,1.4875680208206177,0.024442419409751892,1.4109292578723398e-06,0.6650855541229248,0.8438398838043213,0.4977022707462311,0.000708141305949539,0.0,0.0016075053717941046,0.0001401253102812916
38,1.6684314012527466,1.6683167219161987,0.022379757836461067,4.240005182509776e-06,0.6365998983383179,0.7682347893714905,0.7514587640762329,0.0011413594475015998,0.0,0.0023999731056392193,0.0006869849748909473,1.4845459461212158,1.484470009803772,0.024488795548677444,1.4116749298409559e-06,0.664239764213562,0.8435896039009094,0.4951684772968292,0.0007574256742373109,0.0,0.0017154340166598558,0.00015283266839105636
39,1.650081992149353,1.6499640941619873,0.022248681634664536,4.190825620753458e-06,0.6329227089881897,0.7607897520065308,0.740659773349762,0.0011726549128070474,0.0,0.0025108109693974257,0.0007298017153516412,1.48207688331604,1.4819958209991455,0.02454274520277977,1.4120914784143679e-06,0.6635940670967102,0.8434830904006958,0.4930429458618164,0.0008064666180871427,0.0,0.0018212125869467854,0.00016567732382100075
40,1.6411343812942505,1.6410118341445923,0.022121114656329155,4.140693818044383e-06,0.6284425258636475,0.7571780681610107,0.7367838621139526,0.001219656434841454,0.0,0.0026472345925867558,0.0007734089158475399,1.480344295501709,1.4802584648132324,0.024604568257927895,1.412180495208304e-06,0.6631813049316406,0.8436168432235718,0.4913499355316162,0.0008541465504094958,0.0,0.0019216059008613229,0.0001784605992725119
41,1.635364055633545,1.6352366209030151,0.022015655413269997,4.100079877389362e-06,0.6268190145492554,0.7540853023529053,0.7342454195022583,0.0012678251368924975,0.0,0.0027714676689356565,0.000815723033156246,1.4790524244308472,1.4789620637893677,0.024672213941812515,1.4118742228674819e-06,0.6629543900489807,0.8439417481422424,0.48985564708709717,0.00089967594249174,0.0,0.002015630481764674,0.00019101247016806155
42,1.6207222938537598,1.6205922365188599,0.02187948301434517,4.044020442961482e-06,0.6228308081626892,0.7499908804893494,0.7248021960258484,0.0012938006548210979,0.0,0.0028506412636488676,0.0008390720468014479,1.4780327081680298,1.4779380559921265,0.02474302053451538,1.4111781183601124e-06,0.6628973484039307,0.8444522619247437,0.4884064495563507,0.0009430755162611604,0.0,0.002103832783177495,0.000203091258299537
43,1.600642204284668,1.60050630569458,0.021746912971138954,3.996133727923734e-06,0.6171599626541138,0.7463083267211914,0.7104462385177612,0.0013504106318578124,0.0,0.0030043490696698427,0.0008665832574479282,1.4768341779708862,1.4767353534698486,0.02481335587799549,1.4104556385063916e-06,0.6629500389099121,0.8451213836669922,0.48660528659820557,0.0009848795598372817,0.0,0.0021890101488679647,0.0002147088380297646
44,1.5938141345977783,1.5936753749847412,0.021641749888658524,3.957097305828938e-06,0.6127450466156006,0.7392432689666748,0.711226761341095,0.001379431108944118,0.0,0.0030903425067663193,0.0008797576301731169,1.4754247665405273,1.4753217697143555,0.02488039620220661,1.4097424809733639e-06,0.6631323099136353,0.845866322517395,0.48447471857070923,0.001025833305902779,0.0,0.002272491343319416,0.00022580982476938516
45,1.5790600776672363,1.5789172649383545,0.0215398371219635,3.905314770236146e-06,0.6109182238578796,0.7371139526367188,0.6990808248519897,0.0014202190795913339,0.0,0.003204095410183072,0.0008892885525710881,1.4737114906311035,1.473604679107666,0.024945035576820374,1.4089115438764566e-06,0.6634208559989929,0.8467274904251099,0.4819028377532959,0.0010640827240422368,0.0,0.002350617665797472,0.00023640342988073826
46,1.5672441720962524,1.5670995712280273,0.0214297603815794,3.871389253617963e-06,0.6069831848144531,0.7317313551902771,0.6933777928352356,0.0014379991916939616,0.0,0.0032701699528843164,0.0009090478415600955,1.471441626548767,1.471331238746643,0.02500356175005436,1.4082874031373649e-06,0.6637407541275024,0.8476031422615051,0.4787541925907135,0.0011007435387000442,0.0,0.002426822204142809,0.000246295501710847
47,1.558732509613037,1.5585857629776,0.021349333226680756,3.821756308752811e-06,0.6024159789085388,0.7276254892349243,0.6903073787689209,0.0014587080804631114,0.0,0.0033438275568187237,0.0009681123192422092,1.4690895080566406,1.46897554397583,0.025057584047317505,1.4076932757234317e-06,0.6641513109207153,0.8486002683639526,0.4753914177417755,0.0011356961913406849,0.0,0.0024995319545269012,0.0002556942345108837
48,1.5441642999649048,1.5440161228179932,0.021220402792096138,3.7790396163472906e-06,0.6009336113929749,0.7227113842964172,0.6802934408187866,0.0014732361305505037,0.0,0.0034025541972368956,0.0009473295067436993,1.4666413068771362,1.4665240049362183,0.02510649710893631,1.407260697305901e-06,0.6646489500999451,0.8496724963188171,0.4718380272388458,0.0011694257846102118,0.0,0.0025697818491607904,0.00026468763826414943
49,1.5281339883804321,1.527984857559204,0.021138962358236313,3.728988303919323e-06,0.5956330299377441,0.7179504632949829,0.6705646514892578,0.0014826050028204918,0.0,0.0034536784514784813,0.0009309195447713137,1.4643058776855469,1.4641854763031006,0.025152117013931274,1.406838805451116e-06,0.6652424931526184,0.8508657813072205,0.46826210618019104,0.0012007085606455803,0.0,0.002634720876812935,0.00027340571978129447
50,1.5303539037704468,1.5302019119262695,0.021055445075035095,3.7096315281814896e-06,0.5934816002845764,0.716011643409729,0.6753949522972107,0.0015111550455912948,0.0,0.0035423545632511377,0.0009843810694292188,1.4618144035339355,1.461690902709961,0.025189155712723732,1.4067774145587464e-06,0.6658691763877869,0.8520445227622986,0.46453312039375305,0.0012316037900745869,0.0,0.002699153032153845,0.00028174108592793345
51,1.5042052268981934,1.5040500164031982,0.020851105451583862,3.6507731238089036e-06,0.5860164761543274,0.7038711309432983,0.6622856259346008,0.0015443129232153296,0.0,0.0036390998866409063,0.0009615682647563517,1.4596669673919678,1.4595407247543335,0.02522307075560093,1.4065716413824703e-06,0.6665844321250916,0.8533366918563843,0.4610222578048706,0.0012593382271006703,0.0,0.00275549478828907,0.00028979970375075936
52,1.497464656829834,1.497307300567627,0.020876290276646614,3.6438748338696314e-06,0.5848790407180786,0.7066015005111694,0.6540385484695435,0.001565444516018033,0.0,0.003689975943416357,0.0010238285176455975,1.4570540189743042,1.4569249153137207,0.025247396901249886,1.4067691154195927e-06,0.6672790050506592,0.854548454284668,0.4571259021759033,0.0012868850026279688,0.0,0.002812962280586362,0.00029774243012070656
53,1.4851855039596558,1.4850263595581055,0.020750636234879494,3.6001833905174863e-06,0.5835130214691162,0.7012642621994019,0.6465693116188049,0.0015832625795155764,0.0,0.0037407521158456802,0.0009324354468844831,1.4544014930725098,1.4542698860168457,0.025266779586672783,1.4072105614104657e-06,0.6680117845535278,0.8557814359664917,0.45316046476364136,0.0013128307182341814,0.0,0.0028683452401310205,0.0003056014538742602
54,1.4697446823120117,1.4695823192596436,0.02062777243554592,3.5722598568099784e-06,0.5753430724143982,0.6949098706245422,0.6400987505912781,0.0016148750437423587,0.0,0.0038260004948824644,0.0009623246151022613,1.4513192176818848,1.451184868812561,0.025276988744735718,1.4082156667427626e-06,0.6687135696411133,0.8568822145462036,0.4488886892795563,0.0013397884322330356,0.0,0.0029280725866556168,0.00031323530129157007
55,1.47028648853302,1.470121145248413,0.02057681232690811,3.557014679245185e-06,0.5742670893669128,0.6929362416267395,0.6427067518234253,0.001644571777433157,0.0,0.003925306256860495,0.0010195245267823339,1.4485028982162476,1.4483659267425537,0.02528349496424198,1.4091336879573646e-06,0.6694476008415222,0.857960045337677,0.44488784670829773,0.001364859752357006,0.0,0.002984036458656192,0.00032038422068580985
56,1.4549269676208496,1.4547593593597412,0.02049246057868004,3.533088147378294e-06,0.5703152418136597,0.6906786561012268,0.6310985088348389,0.0016682229470461607,0.0,0.003983508795499802,0.0010176234645769,1.4448400735855103,1.4447004795074463,0.025277968496084213,1.4105426089372486e-06,0.6700600385665894,0.8587525486946106,0.44032740592956543,0.001391310361213982,0.0,0.003045859979465604,0.00032724894117563963
57,1.4442925453186035,1.4441239833831787,0.02042752504348755,3.5143875720677897e-06,0.5691428780555725,0.6861166954040527,0.6245357990264893,0.0016772554954513907,0.0,0.00402141222730279,0.000983445905148983,1.441514253616333,1.4413721561431885,0.02526943013072014,1.4118355693426565e-06,0.6706861257553101,0.8595424294471741,0.43610212206840515,0.0014166381442919374,0.0,0.0031054068822413683,0.00033380076638422906
58,1.4370005130767822,1.4368305206298828,0.02036617137491703,3.4821046028810088e-06,0.5629944205284119,0.6804758310317993,0.6246084570884705,0.0016919855261221528,0.0,0.0040892669931054115,0.0010098903439939022,1.438968300819397,1.4388238191604614,0.02525950036942959,1.4127903114058427e-06,0.6714063286781311,0.8604105114936829,0.43255260586738586,0.0014399354113265872,0.0,0.0031589451245963573,0.00033990672091022134
59,1.4230514764785767,1.4228787422180176,0.02021700143814087,3.4510044315538835e-06,0.5590389370918274,0.6776297688484192,0.6149182319641113,0.0017191091319546103,0.0,0.004140464123338461,0.0010050056735053658,1.4366408586502075,1.4364941120147705,0.02524743229150772,1.413704922015313e-06,0.6721291542053223,0.8612342476844788,0.42925572395324707,0.0014622199814766645,0.0,0.0032108172308653593,0.0003460567386355251
60,1.424655556678772,1.4244805574417114,0.020237931981682777,3.4507320378907025e-06,0.562280535697937,0.6765955090522766,0.6156539916992188,0.0017407818231731653,0.0,0.004194410052150488,0.0010031905258074403,1.435786247253418,1.4356375932693481,0.025240184739232063,1.4140764506009873e-06,0.6730351448059082,0.862382709980011,0.4270920753479004,0.0014814644819125533,0.0,0.003253357019275427,0.0003518027369864285
61,1.415772557258606,1.4155974388122559,0.020112501457333565,3.417026846364024e-06,0.5555634498596191,0.6748532056808472,0.61156165599823,0.0017415006877854466,0.0,0.004221534822136164,0.0009993528947234154,1.4359102249145508,1.4357596635818481,0.025231605395674706,1.4144105762170511e-06,0.6740612983703613,0.8636224269866943,0.42577990889549255,0.0015005404129624367,0.0,0.003293928224593401,0.00035721116000786424
62,1.3969061374664307,1.3967258930206299,0.019992899149656296,3.385318450455088e-06,0.5532683730125427,0.6696268916130066,0.597877025604248,0.001792679657228291,0.0,0.004341308493167162,0.001018404494971037,1.436941146850586,1.43678879737854,0.025224633514881134,1.41439466005977e-06,0.6752577424049377,0.8650797009468079,0.4251247048377991,0.0015176713932305574,0.0,0.003329069586470723,0.0003628653066698462
63,1.3956183195114136,1.395434856414795,0.01996643841266632,3.3789631288527744e-06,0.5506458878517151,0.6650061011314392,0.6013892889022827,0.0018255814211443067,0.0,0.004398188088089228,0.0010579180670902133,1.4380717277526855,1.437917947769165,0.025220513343811035,1.4141299971015542e-06,0.6765748858451843,0.866554319858551,0.42449358105659485,0.0015315765049308538,0.0,0.0033586679492145777,0.00036809590528719127
64,1.3815455436706543,1.3813605308532715,0.019933031871914864,3.371583034095238e-06,0.5440239906311035,0.656391441822052,0.5971202850341797,0.0018407100578770041,0.0,0.00442733708769083,0.0010315909748896956,1.4388692378997803,1.4387142658233643,0.02521386742591858,1.4140060784484376e-06,0.6778864860534668,0.8678998947143555,0.42363160848617554,0.0015440435381606221,0.0,0.0033872064668685198,0.000372840411728248
65,1.3695909976959229,1.3694047927856445,0.01973969303071499,3.3457088193245e-06,0.5394756197929382,0.6562446355819702,0.5877421498298645,0.00185080012306571,0.0,0.004481262993067503,0.0010813508415594697,1.4391916990280151,1.4390352964401245,0.025201385840773582,1.4143121234155842e-06,0.6791396141052246,0.8689863681793213,0.4225236177444458,0.0015579286264255643,0.0,0.0034208903089165688,0.00037741620326414704
66,1.3630707263946533,1.3628818988800049,0.019692260771989822,3.333175982334069e-06,0.5402078628540039,0.6546127796173096,0.5821245312690735,0.0018779741367325187,0.0,0.00454573193565011,0.0010756041156128049,1.438414216041565,1.4382562637329102,0.02518324740231037,1.4153694110063952e-06,0.6802446842193604,0.8696598410606384,0.42070502042770386,0.0015737933572381735,0.0,0.0034625630360096693,0.00038159580435603857
67,1.3515185117721558,1.351327896118164,0.019640576094388962,3.3055641779355938e-06,0.5344447493553162,0.6466000080108643,0.5795133113861084,0.0018954703118652105,0.0,0.004599791951477528,0.001080281101167202,1.4376682043075562,1.4375085830688477,0.02516636997461319,1.4168248299029074e-06,0.6814222931861877,0.8703110218048096,0.41889721155166626,0.001590269384905696,0.0,0.0035067598801106215,0.0003858276759274304
68,1.351216197013855,1.3510246276855469,0.019565673545002937,3.313125262138783e-06,0.5360667705535889,0.6461995244026184,0.5787742733955383,0.0019064688822254539,0.0,0.004651966039091349,0.0010486573446542025,1.4375932216644287,1.4374319314956665,0.02514597959816456,1.4181578080751933e-06,0.6826255321502686,0.8709560632705688,0.4177553355693817,0.001607144484296441,0.0,0.0035502207465469837,0.00038979813689365983
69,1.33632230758667,1.336126685142517,0.01944470778107643,3.2847965485416353e-06,0.5303404927253723,0.6412659883499146,0.5705605745315552,0.0019461335614323616,0.0,0.004747716244310141,0.0010534286266192794,1.4382320642471313,1.4380691051483154,0.025123663246631622,1.4193236665960285e-06,0.6839107871055603,0.8717842102050781,0.4171512722969055,0.0016232624184340239,0.0,0.0035902676172554493,0.0003937024448532611
70,1.3218989372253418,1.3217010498046875,0.0193924643099308,3.26018312080123e-06,0.5295419692993164,0.6396645903587341,0.5577875375747681,0.0019684210419654846,0.0,0.00480226706713438,0.001113679725676775,1.4388164281845093,1.4386518001556396,0.025095338001847267,1.4207771528162993e-06,0.6851546168327332,0.8725185990333557,0.41658952832221985,0.0016406341455876827,0.0,0.0036333268508315086,0.0003980823967140168
71,1.313332438468933,1.3131340742111206,0.019330503419041634,3.2588502563157817e-06,0.5272436738014221,0.6359760761260986,0.5531980395317078,0.001974305836483836,0.0,0.004829898476600647,0.0010561817325651646,1.4398963451385498,1.4397300481796265,0.025070935487747192,1.4221403716874192e-06,0.6865280866622925,0.8734229207038879,0.4163271486759186,0.0016568995779380202,0.0,0.0036735974717885256,0.00040270519093610346
72,1.3177227973937988,1.3175199031829834,0.019331974908709526,3.2847965485416353e-06,0.5263513326644897,0.6363251209259033,0.557766854763031,0.0020186586771160364,0.0,0.004900102503597736,0.001111450488679111,1.4394750595092773,1.4393072128295898,0.025044303387403488,1.4239285519579425e-06,0.6876307129859924,0.8739141225814819,0.4150112569332123,0.0016725471941754222,0.0,0.00371597264893353,0.00040681855170987546
73,1.3031266927719116,1.3029214143753052,0.019264742732048035,3.2395939797424944e-06,0.5225034356117249,0.6308883428573608,0.549237072467804,0.0020418616477400064,0.0,0.004959116689860821,0.0011126043973490596,1.438387393951416,1.438218116760254,0.025016410276293755,1.4252750588639174e-06,0.6885806918144226,0.8741979002952576,0.4132622182369232,0.0016869738465175033,0.0,0.0037565440870821476,0.0004109943110961467
74,1.2883892059326172,1.2881838083267212,0.019099503755569458,3.225663476769114e-06,0.5181919932365417,0.6263343691825867,0.5402359366416931,0.002044121967628598,0.0,0.005000536795705557,0.0010520614450797439,1.4361618757247925,1.4359911680221558,0.0249886903911829,1.4270588053477695e-06,0.6893297433853149,0.8742769956588745,0.41062915325164795,0.001701083965599537,0.0,0.0037991434801369905,0.0004148879670538008
75,1.2829629182815552,1.2827541828155518,0.019101107493042946,3.2275245303026168e-06,0.5179064273834229,0.6268697381019592,0.5345458388328552,0.002076160628348589,0.0,0.005056702997535467,0.0011325131636112928,1.4338399171829224,1.4336680173873901,0.02496829256415367,1.4286293890108936e-06,0.6901140213012695,0.8744896054267883,0.40777483582496643,0.0017131627537310123,0.0,0.003837807569652796,0.00041844582301564515
76,1.26671302318573,1.2665026187896729,0.018955228850245476,3.202707148375339e-06,0.5107170343399048,0.6186396479606628,0.5282074809074402,0.002093837596476078,0.0,0.005124146584421396,0.0010824411874637008,1.4315569400787354,1.4313840866088867,0.02494923770427704,1.4293616459326586e-06,0.6908767223358154,0.8746910691261292,0.4049774408340454,0.001722901128232479,0.0,0.003870600601658225,0.0004217253881506622
77,1.2647082805633545,1.2644975185394287,0.01893179677426815,3.185412879247451e-06,0.5106416940689087,0.6153600215911865,0.5287232995033264,0.0020963801071047783,0.0,0.005136049352586269,0.0011735146399587393,1.4307279586791992,1.4305543899536133,0.024938760325312614,1.4290096714830725e-06,0.6919369101524353,0.875372052192688,0.40311741828918457,0.0017294652061536908,0.0,0.003893038723617792,0.0004251398495398462
78,1.262269139289856,1.2620550394058228,0.018895868211984634,3.1984830002329545e-06,0.5092849731445312,0.6169259548187256,0.5258206129074097,0.0021304390393197536,0.0,0.005233838222920895,0.0011309935944154859,1.431099534034729,1.4309253692626953,0.024932242929935455,1.4281808944360819e-06,0.6931233406066895,0.8763808608055115,0.4021451771259308,0.0017357864417135715,0.0,0.003911664709448814,0.00042785872938111424
79,1.24777090549469,1.2475595474243164,0.018765660002827644,3.173255890942528e-06,0.5036203861236572,0.6117373108863831,0.518179178237915,0.0021029184572398663,0.0,0.00518508767709136,0.001160337240435183,1.4316188097000122,1.4314439296722412,0.024920601397752762,1.427040615453734e-06,0.6942205429077148,0.8772231340408325,0.4014950394630432,0.0017429107101634145,0.0,0.003930363338440657,0.0004310325894039124
80,1.238350510597229,1.238135576248169,0.01877744495868683,3.1710678740637377e-06,0.5011622905731201,0.6055994629859924,0.5145757794380188,0.0021389727480709553,0.0,0.0052697607316076756,0.0011707369703799486,1.4318219423294067,1.4316462278366089,0.024909354746341705,1.4259222780310665e-06,0.6952024698257446,0.8779294490814209,0.4006878435611725,0.0017510149627923965,0.0,0.003951388876885176,0.00043404585449025035
81,1.2385377883911133,1.2383251190185547,0.0187431238591671,3.1731099170428934e-06,0.5004064440727234,0.6074482202529907,0.513791024684906,0.002115533920004964,0.0,0.005240919068455696,0.001211424358189106,1.4322751760482788,1.432098627090454,0.02489485964179039,1.4246882074075984e-06,0.6961594820022583,0.8785523772239685,0.4002090096473694,0.0017592618241906166,0.0,0.003971305210143328,0.00043664296390488744
82,1.224109411239624,1.2238922119140625,0.018611116334795952,3.1385359307023464e-06,0.497385710477829,0.5997806191444397,0.5067511200904846,0.002161384094506502,0.0,0.005340651609003544,0.001246864441782236,1.4311776161193848,1.4310003519058228,0.02487793378531933,1.4238272569855326e-06,0.6968280673027039,0.8787375688552856,0.3986544907093048,0.0017666942439973354,0.0,0.003992654848843813,0.0004386231885291636
83,1.2226370573043823,1.2224187850952148,0.018570808693766594,3.1447318633581745e-06,0.49421513080596924,0.6001817584037781,0.5066025257110596,0.00217072619125247,0.0,0.005379852838814259,0.0012185628293082118,1.4280132055282593,1.4278348684310913,0.024848677217960358,1.4241345525078941e-06,0.6969139575958252,0.8781391382217407,0.39592406153678894,0.0017771688289940357,0.0,0.00402499083429575,0.0004404171195346862
84,1.1993855237960815,1.1991654634475708,0.01841847598552704,3.0868670819472754e-06,0.48864006996154785,0.5914580225944519,0.4928319752216339,0.002188533078879118,0.0,0.005448594223707914,0.0012678075581789017,1.4251593351364136,1.4249800443649292,0.024819502606987953,1.4244733392843045e-06,0.6970879435539246,0.8776581287384033,0.3933722972869873,0.001787330606020987,0.0,0.004055899567902088,0.00044404910295270383
85,1.2041794061660767,1.2039575576782227,0.01845364272594452,3.0942751436668914e-06,0.48876896500587463,0.5919495224952698,0.49715569615364075,0.002206941368058324,0.0,0.005478322505950928,0.0011982312425971031,1.422303557395935,1.4221233129501343,0.024790706112980843,1.4245404145185603e-06,0.6973003149032593,0.8772066831588745,0.39077672362327576,0.0017962087877094746,0.0,0.004083884414285421,0.0004482247168198228
86,1.1968121528625488,1.1965891122817993,0.01847480982542038,3.101509037151118e-06,0.48852506279945374,0.5923686623573303,0.4895736873149872,0.0022177156060934067,0.0,0.005494232289493084,0.0013188133016228676,1.420087456703186,1.419906497001648,0.024763893336057663,1.4241894632505137e-06,0.6976771950721741,0.8769763112068176,0.38857102394104004,0.0018033361993730068,0.0,0.004106301814317703,0.0004534395120572299
87,1.181698203086853,1.1814754009246826,0.01838187500834465,3.0745436561119277e-06,0.48688000440597534,0.5907086730003357,0.47662052512168884,0.002216493245214224,0.0,0.005511229392141104,0.0012043826282024384,1.4186077117919922,1.4184261560440063,0.024740153923630714,1.4234850596039905e-06,0.6981756091117859,0.8770078420639038,0.38684165477752686,0.0018099424196407199,0.0,0.004125387407839298,0.0004593704652506858
88,1.1889100074768066,1.1886866092681885,0.018251933157444,3.0787043669988634e-06,0.48285678029060364,0.5855165719985962,0.48986732959747314,0.002222554525360465,0.0,0.005535430274903774,0.0012392885982990265,1.4174693822860718,1.4172873497009277,0.024724241346120834,1.4219582453733892e-06,0.6987874507904053,0.8771333694458008,0.38531869649887085,0.001814471441321075,0.0,0.004138936288654804,0.0004650911141652614
89,1.172725796699524,1.1724998950958252,0.018245775252580643,3.076401299040299e-06,0.4798303544521332,0.5807860493659973,0.4787479043006897,0.002247594529762864,0.0,0.005614917725324631,0.00119828712195158,1.4174710512161255,1.4172886610031128,0.024712659418582916,1.4196139090927318e-06,0.6996446847915649,0.8775368928909302,0.38460028171539307,0.0018181673949584365,0.0,0.00414710957556963,0.0004706277686636895
90,1.1653766632080078,1.1651506423950195,0.01820833794772625,3.0769915611017495e-06,0.47778597474098206,0.5786335468292236,0.47407254576683044,0.0022484392393380404,0.0,0.005614574998617172,0.0012566021177917719,1.4181081056594849,1.417925477027893,0.02470982074737549,1.4168438156048069e-06,0.7007387280464172,0.8782392740249634,0.3841661214828491,0.0018208149122074246,0.0,0.00415165675804019,0.0004763136967085302
91,1.1741063594818115,1.1738826036453247,0.01817466877400875,3.063159056182485e-06,0.4799080789089203,0.5859758257865906,0.476270467042923,0.002225456992164254,0.0,0.005582515615969896,0.0012629993725568056,1.4188835620880127,1.418700933456421,0.02471296302974224,1.4130945373835857e-06,0.7019919157028198,0.8791532516479492,0.3836263418197632,0.0018200379563495517,0.0,0.004148009233176708,0.0004816600994672626
92,1.1495145559310913,1.1492856740951538,0.017960499972105026,2.988253754665493e-06,0.4719940721988678,0.5742035508155823,0.4646739959716797,0.0022772280499339104,0.0,0.005682317074388266,0.001213928684592247,1.4206174612045288,1.4204350709915161,0.0247235968708992,1.40874271892244e-06,0.7035682797431946,0.8804124593734741,0.3836173117160797,0.0018184419022873044,0.0,0.004140191245824099,0.0004881100030615926
93,1.1331335306167603,1.1329011917114258,0.017951996996998787,3.0073301786615048e-06,0.4694216251373291,0.5701106786727905,0.4526539146900177,0.0023098415695130825,0.0,0.005718539468944073,0.0014054946368560195,1.422889232635498,1.4227070808410645,0.024747874587774277,1.4045515399629949e-06,0.7054953575134277,0.8821718096733093,0.3835820257663727,0.001816101954318583,0.0,0.004132241476327181,0.0004938096972182393
94,1.131205439567566,1.1309740543365479,0.018024180084466934,3.026040531040053e-06,0.4663322865962982,0.5664568543434143,0.454939603805542,0.002301352098584175,0.0,0.005721766967326403,0.001234498806297779,1.4249645471572876,1.4247825145721436,0.02477569505572319,1.4004899639985524e-06,0.7074941992759705,0.8840065002441406,0.38325420022010803,0.0018146204529330134,0.0,0.004127057734876871,0.0004998600343242288
95,1.1206848621368408,1.120457649230957,0.017857208847999573,2.9846025881852256e-06,0.4680808186531067,0.5683667063713074,0.4422835409641266,0.0022597189527004957,0.0,0.005668576341122389,0.0012264215620234609,1.427511215209961,1.4273290634155273,0.02480197511613369,1.3970868621981936e-06,0.7096508145332336,0.885903537273407,0.38327330350875854,0.0018150083487853408,0.0,0.004125632345676422,0.0005071589257568121
96,1.1082614660263062,1.1080321073532104,0.017826467752456665,2.952968770841835e-06,0.46210047602653503,0.5621619820594788,0.4375324547290802,0.0022820301819592714,0.0,0.005704064853489399,0.0012371808988973498,1.4312928915023804,1.4311106204986572,0.024832172319293022,1.3940074268248281e-06,0.712168276309967,0.8882356882095337,0.3840166926383972,0.0018170475959777832,0.0,0.004126228392124176,0.000517076114192605
97,1.1069746017456055,1.1067423820495605,0.01776181161403656,2.990319444506895e-06,0.461813360452652,0.5578643679618835,0.43967413902282715,0.0023098615929484367,0.0,0.005777700804173946,0.001295767491683364,1.4351489543914795,1.4349660873413086,0.02485668659210205,1.391424916619144e-06,0.7146174311637878,0.8905115723609924,0.3849162459373474,0.0018226467072963715,0.0,0.004134293645620346,0.000526477349922061
98,1.1056206226348877,1.1053869724273682,0.01778392493724823,2.995224349433556e-06,0.45794734358787537,0.5574334263801575,0.4405527710914612,0.002322954125702381,0.0,0.005773329641669989,0.0014014584012329578,1.436819076538086,1.4366356134414673,0.02487129531800747,1.3897873714086018e-06,0.7164652943611145,0.8920609951019287,0.38448524475097656,0.0018281773664057255,0.0,0.004147665109485388,0.0005323980003595352
99,1.109466791152954,1.1092302799224854,0.017668014392256737,2.9593568342534127e-06,0.4563533067703247,0.5527201294898987,0.4488440454006195,0.0023516786750406027,0.0,0.005868257489055395,0.0013732778606936336,1.4382354021072388,1.4380515813827515,0.024882525205612183,1.388096961818519e-06,0.718254029750824,0.8935078978538513,0.3839103877544403,0.0018328261794522405,0.0,0.004159597214311361,0.0005388812278397381
100,1.0920811891555786,1.0918450355529785,0.017601678147912025,2.9509837986552157e-06,0.4552054703235626,0.5547330379486084,0.4305894374847412,0.002349086105823517,0.0,0.005859933327883482,0.001273239846341312,1.438406229019165,1.4382221698760986,0.024893606081604958,1.3859175851393957e-06,0.7199476361274719,0.8948184251785278,0.3822402060031891,0.00183482829015702,0.0,0.004169594496488571,0.0005453206249512732
101,1.1012083292007446,1.1009738445281982,0.017770932987332344,2.974458311655326e-06,0.4550046920776367,0.5489071607589722,0.444018691778183,0.002331822644919157,0.0,0.0058116549625992775,0.0014546156162396073,1.438951015472412,1.4387664794921875,0.0249063428491354,1.3841944337400491e-06,0.7217966914176941,0.8964008092880249,0.3806605935096741,0.001837629941292107,0.0,0.00418116757646203,0.0005507626920007169
102,1.0739892721176147,1.07375168800354,0.017712555825710297,2.9416041797958314e-06,0.44976669549942017,0.5470127463340759,0.42089471220970154,0.0023621346335858107,0.0,0.00589781254529953,0.0014386962866410613,1.4415969848632812,1.441412329673767,0.02492794394493103,1.3822066193824867e-06,0.724330723285675,0.8988879323005676,0.38015231490135193,0.0018394552171230316,0.0,0.004186839330941439,0.0005577573319897056
103,1.065000295639038,1.0647623538970947,0.01751229725778103,2.9206983072072035e-06,0.4461361765861511,0.5404448509216309,0.41884687542915344,0.0023662864696234465,0.0,0.005943239200860262,0.0013356710551306605,1.445897102355957,1.4457120895385742,0.024959994480013847,1.379961645397998e-06,0.7273568511009216,0.9020199179649353,0.38055795431137085,0.0018427246250212193,0.0,0.004191596060991287,0.0005659762537106872
104,1.0621185302734375,1.061882495880127,0.01746809296309948,2.9071768494759453e-06,0.4445922076702118,0.5436517596244812,0.4143780767917633,0.002347740810364485,0.0,0.005903400015085936,0.0013543888926506042,1.452263355255127,1.4520779848098755,0.025009362027049065,1.3767420341537218e-06,0.7311739325523376,0.906182050704956,0.3818444311618805,0.0018470373470336199,0.0,0.004193861503154039,0.0005752796423621476
105,1.0493911504745483,1.0491505861282349,0.017391445115208626,2.9000079848628957e-06,0.4415051341056824,0.5363713502883911,0.40872663259506226,0.002392431953921914,0.0,0.005998961627483368,0.0013930550776422024,1.4594165086746216,1.4592304229736328,0.025068027898669243,1.3737744666286744e-06,0.7353088855743408,0.9107661247253418,0.3834325969219208,0.001853271620348096,0.0,0.004200058989226818,0.0005837885546498001
106,1.040530800819397,1.0402894020080566,0.017352955415844917,2.8764425223926082e-06,0.44110536575317383,0.5378292798995972,0.3990103602409363,0.0024013754446059465,0.0,0.006004424765706062,0.0014067069860175252,1.4649280309677124,1.4647413492202759,0.025119539350271225,1.3721136156163993e-06,0.7389944791793823,0.914735734462738,0.38407206535339355,0.0018595531582832336,0.0,0.004211531486362219,0.0005905871512368321
107,1.0474599599838257,1.0472196340560913,0.017354901880025864,2.9003874715272104e-06,0.43643566966056824,0.529885470867157,0.4142313599586487,0.0023892868775874376,0.0,0.0059903813526034355,0.0015809428878128529,1.4698402881622314,1.4696531295776367,0.02517416886985302,1.3698663678951561e-06,0.7426562905311584,0.9186779260635376,0.3841416537761688,0.0018647554097697139,0.0,0.004223223775625229,0.0005957421381026506
108,1.0346221923828125,1.0343797206878662,0.017332611605525017,2.8888589440612122e-06,0.4365212619304657,0.5289204120635986,0.4020947813987732,0.002412134315818548,0.0,0.0060388860292732716,0.0015398836694657803,1.4753848314285278,1.4751968383789062,0.02523276023566723,1.3670660337083973e-06,0.7466647624969482,0.9230584502220154,0.3843371570110321,0.001871834509074688,0.0,0.004238457418978214,0.0006029268843121827
109,1.0328031778335571,1.032564640045166,0.017161201685667038,2.8535921501315897e-06,0.43689829111099243,0.5276502370834351,0.40121519565582275,0.0023724499624222517,0.0,0.005986944772303104,0.0014533239882439375,1.4807379245758057,1.4805489778518677,0.025284161791205406,1.363823571409739e-06,0.7505707740783691,0.9272949695587158,0.38450750708580017,0.001880790339782834,0.0,0.004256264306604862,0.000612215488217771
110,1.0189038515090942,1.018662929534912,0.01713203452527523,2.8286899578233715e-06,0.4327220916748047,0.5248631834983826,0.39152103662490845,0.002396373776718974,0.0,0.006070858798921108,0.001459206803701818,1.4873660802841187,1.4871759414672852,0.02533823251724243,1.3596089729617233e-06,0.7549963593482971,0.9321227073669434,0.38524678349494934,0.0018930173246189952,0.0,0.004275207873433828,0.0006267587887123227
111,1.011286973953247,1.0110446214675903,0.017090005800127983,2.831320216500899e-06,0.42842942476272583,0.5196027159690857,0.3900364637374878,0.0024099841248244047,0.0,0.006075611803680658,0.0014762377832084894,1.4944010972976685,1.4942095279693604,0.025391774252057076,1.3555638815887505e-06,0.7595734596252441,0.9371145963668823,0.38619449734687805,0.0019074000883847475,0.0,0.004297447856515646,0.000643897510599345
112,1.0176060199737549,1.017362356185913,0.017239542677998543,2.857081199181266e-06,0.4308514893054962,0.5237557888031006,0.39187881350517273,0.002423444064334035,0.0,0.006078099366277456,0.0014703442575410008,1.5022196769714355,1.5020264387130737,0.02544381469488144,1.3522204653781955e-06,0.7642956376075745,0.9421570897102356,0.38781630992889404,0.0019240060355514288,0.0,0.004323074594140053,0.0006596007151529193
113,1.0030853748321533,1.002838134765625,0.017126452177762985,2.8180900244478835e-06,0.4243583083152771,0.5158559083938599,0.38663917779922485,0.0024580229073762894,0.0,0.006143056787550449,0.0015893535455688834,1.5077537298202515,1.507559061050415,0.025471525266766548,1.3494848190021003e-06,0.7682187557220459,0.9462000131607056,0.388327419757843,0.0019386811181902885,0.0,0.0043496135622262955,0.0006747333100065589
114,0.9974406361579895,0.997192919254303,0.01706121303141117,2.8408001071511535e-06,0.4257529079914093,0.5124759674072266,0.3828968405723572,0.002462622709572315,0.0,0.006156040821224451,0.0016630885656923056,1.5131889581680298,1.5129926204681396,0.025497568771243095,1.3462894230542588e-06,0.772162675857544,0.9503589272499084,0.38864389061927795,0.0019546994008123875,0.0,0.004378818441182375,0.000692955101840198
115,0.968437671661377,0.9681907892227173,0.016900109127163887,2.817807171595632e-06,0.41567978262901306,0.5021255016326904,0.36685529351234436,0.0024551916867494583,0.0,0.006156489253044128,0.0015587530797347426,1.5157414674758911,1.515543818473816,0.025500193238258362,1.3446032198771718e-06,0.7747871279716492,0.9530102610588074,0.3878916800022125,0.0019681728444993496,0.0,0.00441032974049449,0.0007033796282485127
116,0.9945435523986816,0.9942958354949951,0.017032839357852936,2.8269128051761072e-06,0.421924352645874,0.5113509893417358,0.3827861547470093,0.0024641535710543394,0.0,0.006207357160747051,0.0014862521784380078,1.5157209634780884,1.5155222415924072,0.025475189089775085,1.343718963653373e-06,0.7762129306793213,0.9543657898902893,0.38616564869880676,0.0019793810788542032,0.0,0.004443124867975712,0.000712489418219775
117,0.9729554057121277,0.9727025628089905,0.016991669312119484,2.801595201162854e-06,0.41768765449523926,0.5091941356658936,0.36497002840042114,0.0025136168114840984,0.0,0.0062674242071807384,0.0016410293756052852,1.5201877355575562,1.5199873447418213,0.025476790964603424,1.343366989203787e-06,0.7791144251823425,0.9575446844100952,0.38679420948028564,0.0019954321905970573,0.0,0.004476398229598999,0.0007251533679664135
118,0.9636504054069519,0.9634041786193848,0.016807418316602707,2.7769806365540717e-06,0.4126757085323334,0.49999406933784485,0.3652620017528534,0.002448644256219268,0.0,0.006193934008479118,0.0015704063698649406,1.5292963981628418,1.5290939807891846,0.025516889989376068,1.3423696145764552e-06,0.7837928533554077,0.9629648327827454,0.3894563317298889,0.0020164211746305227,0.0,0.004509476479142904,0.0007408119854517281
119,0.9707850813865662,0.9705325961112976,0.0168168805539608,2.785636979751871e-06,0.41434961557388306,0.5038931965827942,0.3686196208000183,0.0025104794185608625,0.0,0.006291710305958986,0.0015253371093422174,1.5385568141937256,1.5383522510528564,0.02555868774652481,1.3402757303992985e-06,0.7888662815093994,0.9689360857009888,0.39165765047073364,0.0020372935105115175,0.0,0.004541459027677774,0.0007571926689706743
120,0.9575517177581787,0.9572986364364624,0.016745030879974365,2.7665780635288684e-06,0.4077874720096588,0.49444612860679626,0.365823894739151,0.002516613807529211,0.0,0.006314863450825214,0.0015675126342102885,1.54945707321167,1.5492503643035889,0.02561318315565586,1.337509957011207e-06,0.7948957681655884,0.9761481881141663,0.3940775692462921,0.0020590131171047688,0.0,0.00457334378734231,0.0007754673715680838
121,0.9495530724525452,0.9492990970611572,0.01675938256084919,2.7729597604775336e-06,0.40988248586654663,0.4954201877117157,0.3560319244861603,0.0025248457677662373,0.0,0.006293008103966713,0.0016972915036603808,1.5572718381881714,1.557063341140747,0.025648076087236404,1.3349356322578387e-06,0.7999107241630554,0.9821497201919556,0.3948468863964081,0.002076673787087202,0.0,0.0046032690443098545,0.0007923926459625363
122,0.9537581205368042,0.9535040855407715,0.016676120460033417,2.7680905532179167e-06,0.40768787264823914,0.49565598368644714,0.3612407147884369,0.0025267736054956913,0.0,0.006319743115454912,0.0014795104507356882,1.5609383583068848,1.5607285499572754,0.025651931762695312,1.3322793392944732e-06,0.8034077882766724,0.9864278435707092,0.3935510516166687,0.0020897486247122288,0.0,0.004632510244846344,0.0008081899140961468
123,0.9329541921615601,0.9327008724212646,0.01660647988319397,2.749005489022238e-06,0.4056888818740845,0.48891493678092957,0.34656238555908203,0.002519164001569152,0.0,0.0063280975446105,0.0015701918164268136,1.562985897064209,1.5627751350402832,0.025639846920967102,1.3292842595546972e-06,0.8065654039382935,0.9903741478919983,0.3910713791847229,0.0020991431083530188,0.0,0.004661352373659611,0.000821330351755023
124,0.9362594485282898,0.9360063076019287,0.016687393188476562,2.777160943878698e-06,0.40414103865623474,0.4890179932117462,0.3504835069179535,0.002516369801014662,0.0,0.006321145687252283,0.0016126851551234722,1.5670795440673828,1.5668675899505615,0.025638088583946228,1.326839765170007e-06,0.8104172348976135,0.9952440857887268,0.3895871639251709,0.002110501751303673,0.0,0.004691181238740683,0.0008382700034417212
125,0.9349182844161987,0.9346655607223511,0.016627995297312737,2.770385890471516e-06,0.4064980745315552,0.49267011880874634,0.34528452157974243,0.0025115644093602896,0.0,0.006339504849165678,0.0017297209706157446,1.574920415878296,1.574706792831421,0.025668496266007423,1.3240752423371305e-06,0.8157175779342651,1.0020911693572998,0.3896105885505676,0.0021263144444674253,0.0,0.004720612429082394,0.0008565984317101538
126,0.9289875030517578,0.9287325143814087,0.01652851141989231,2.7469004635349847e-06,0.3991726040840149,0.4858030378818512,0.34826403856277466,0.002534699160605669,0.0,0.006404275540262461,0.0016869439277797937,1.5832931995391846,1.5830779075622559,0.025699321180582047,1.3218392496128217e-06,0.8211174011230469,1.0092250108718872,0.3899005055427551,0.002142973244190216,0.0,0.0047507393173873425,0.0008743350626900792
127,0.9205560088157654,0.9202985763549805,0.016467541456222534,2.746753807514324e-06,0.3988966941833496,0.4837336540222168,0.3415811359882355,0.002558043459430337,0.0,0.0064355251379311085,0.0018804384162649512,1.593678593635559,1.593461513519287,0.025743693113327026,1.320435899287986e-06,0.8270586133003235,1.017042875289917,0.3914056718349457,0.0021613796707242727,0.0,0.004778409376740456,0.000891355681233108
128,0.8992248177528381,0.8989652395248413,0.016340553760528564,2.708697138587013e-06,0.3895428478717804,0.4726061224937439,0.3333973288536072,0.002581249224022031,0.0,0.006460899021476507,0.0015633878065273166,1.6060348749160767,1.6058158874511719,0.0257975235581398,1.3212320482125506e-06,0.833200991153717,1.0251141786575317,0.3945816159248352,0.002180282259359956,0.0,0.004803117830306292,0.0009044413454830647
